latitude,longitude,sensitivity,cover,Height
-13.730080059092755,-44.15003580178585,0.9460683465003967,0.020300190895795822,4.94
-13.72966623412177,-44.149719272446006,0.9420387148857117,0.006958043668419123,4.15
-13.729252229436126,-44.149402746255696,0.937415599822998,0.04597275331616402,4.78
-13.728838244266177,-44.14908623599027,0.9411842226982117,0.032770201563835144,4.59
-13.728424528324949,-44.1487697584163,0.9320885539054871,0.009401852265000343,4.75
-13.728010954487155,-44.14845330255993,0.9428749084472656,0.07733379304409027,4.78
-13.727597605997712,-44.14813687326275,0.9382713437080383,0.017744584009051323,4.59
-13.727183959378175,-44.1478204308914,0.9437114000320435,0.04814235493540764,4.71
-13.726770234957941,-44.147503989527365,0.9425454139709473,0.014778469689190388,4.55
-13.72635631683984,-44.14718753964829,0.9412039518356323,0.08309786766767502,5.28
-13.725942601468569,-44.14687103914784,0.9427726864814758,0.08245453238487244,6.46
-13.725528672750386,-44.14655452573767,0.9497794508934021,0.17907780408859253,6.8
-13.725113702908283,-44.146237936926774,0.9379757046699524,0.13052378594875336,6.32
-13.724699866195966,-44.145921430601256,0.9525758624076843,0.012409830465912819,6.46
-13.724287729146445,-44.14560504633463,0.9497378468513489,0.06223117560148239,5.88
-13.723874601471467,-44.14528858628347,0.943977952003479,0.006222167983651161,5.34
-13.723461270735653,-44.14497210604402,0.9486891031265259,0.013344326987862587,5.84
-13.723047077195586,-44.14465555619631,0.9397087693214417,0.012450112961232662,5.34
-13.722631343207729,-44.14433888573793,0.9515952467918396,0.03979868069291115,7.3
-13.722218711018321,-44.14402243474696,0.9416375160217285,0.007683678530156612,7.07
-13.72180565583655,-44.14370594580853,0.9445038437843323,0.031904663890600204,5.34
-13.721391692768059,-44.143389385522255,0.9480445384979248,0.028204575181007385,5.34
-13.720977029602444,-44.14307277029728,0.9470032453536987,0.021482110023498535,5.84
-13.720564973547773,-44.14275634329541,0.9537218809127808,0.023050231859087944,5.05
-13.720151959563998,-44.14243984477774,0.9443260431289673,0.014776072464883327,4.71
-13.719738587786322,-44.14212332032657,0.9460012912750244,0.14566625654697418,7.78
-13.719325129299877,-44.1418067909762,0.9424015879631042,0.02554388716816902,4.71
-13.718911504140037,-44.14149025264388,0.9413517117500305,0.007349273655563593,4.3
-13.718497776916918,-44.141173710632664,0.9466474652290344,0.008821672759950161,4.53
-13.71808383096365,-44.14085715797959,0.9449391961097717,0.04901648685336113,5.01
-13.71766992931484,-44.140540615283605,0.9366791844367981,0.008960018865764141,4.4
-13.717256054225643,-44.140224083073484,0.9426416754722595,0.06110101193189621,4.4
-13.716842581245432,-44.13990758916473,0.959162175655365,0.032404474914073944,4.78
-13.716428802765693,-44.13959108383807,0.9494396448135376,0.03381847217679024,4.94
-13.716015278537725,-44.13927460919918,0.9449754953384399,0.005433352664113045,4.71
-13.715601952304903,-44.13895816239485,0.9399411678314209,0.05244175344705582,4.26
-13.71518825313651,-44.13864170288507,0.9528722167015076,0.05044158548116684,4.82
-13.714774614800772,-44.13832527955851,0.9343618154525757,0.19002798199653625,8.11
-13.714361002879135,-44.138008928782256,0.9322184324264526,0.040837474167346954,5.15
-13.713947192198978,-44.13769258267021,0.9359058141708374,0.029814591631293297,4.9
-13.713533369696995,-44.13737625550918,0.9438618421554565,0.023567600175738335,4.34
-13.71311939396392,-44.13705993822494,0.9342291355133057,0.02572343498468399,4.94
-13.712705307234026,-44.13674363561893,0.9255161881446838,0.026329444721341133,4.67
-13.739187476070372,-44.14980413225894,0.9496466517448425,0.07130443304777145,5.15
-13.738774217493885,-44.149487400925686,0.9360230565071106,0.049688152968883514,6.28
-13.738361028458092,-44.149170669828266,0.9338728189468384,0.24780994653701782,8.39
-13.737947796063013,-44.14885392487165,0.9472954869270325,0.15645989775657654,7.82
-13.737534737575967,-44.14853720398167,0.9395958185195923,0.014945515431463718,5.38
-13.737121216409475,-44.14822041039891,0.949439525604248,0.01688087172806263,5.53
-13.736707486116813,-44.147903586856984,0.9520736336708069,0.08437377959489822,6.76
-13.736294124378091,-44.14758682792908,0.9535297751426697,0.016895005479454994,4.26
-13.735880710426857,-44.147270070940486,0.9447073936462402,0.0494895838201046,4.3
-13.73546730585735,-44.146953328666555,0.9528749585151672,0.03620198369026184,4.38
-13.73505395819478,-44.1466366123133,0.9520353674888611,0.004772527609020472,4.34
-13.73464051489975,-44.14631990133463,0.9393999576568604,0.036834847182035446,4.23
-13.734227162107862,-44.14600322795465,0.9415161609649658,0.00439340528100729,4.15
-13.73381364921175,-44.14568655639679,0.9544315934181213,0.02488567866384983,4.71
-13.733400202560812,-44.145369924011234,0.9424574375152588,0.007447271142154932,4.19
-13.732986709021318,-44.14505331121453,0.9412086606025696,0.0036753746680915356,4.19
-13.732573223009878,-44.14473672508344,0.9522205591201782,0.00837965589016676,4.48
-13.732159676490546,-44.144420153603306,0.9366086721420288,0.0012887830380350351,4.15
-13.731746068162042,-44.14410359477991,0.9551668167114258,0.019414693117141724,4.3
-13.731332517700551,-44.143787065605025,0.9484649896621704,0.033953726291656494,4.11
-13.730918913834104,-44.14347054721507,0.9416412115097046,0.016244927421212196,4.23
-13.730505274345116,-44.14315404109301,0.9437897801399231,0.009794535115361214,4.23
-13.730091686528565,-44.14283755892898,0.9470921158790588,0.030681371688842773,4.38
-13.729678151684595,-44.142521099159296,0.9440374970436096,0.019771572202444077,4.07
-13.72926446212203,-44.14220462834899,0.9482001066207886,0.01946745440363884,4.44
-13.72885079689043,-44.141888172398325,0.9480336904525757,0.008190853521227837,4.71
-13.728437202279018,-44.14157173693269,0.9477759599685669,0.019725840538740158,4.23
-13.728023580561018,-44.141255305415534,0.9506592154502869,0.014811310917139053,4.55
-13.727609962893586,-44.140938881065615,0.9507547616958618,0.004018769133836031,4.15
-13.727196252262665,-44.14062241615491,0.9540131688117981,0.016487549990415573,4.4
-13.726782535408862,-44.14030592295627,0.9451326727867126,0.004526921547949314,4.19
-13.726368834795366,-44.13998943428699,0.9492896199226379,0.02808012068271637,4.3
-13.725955079748347,-44.13967293694561,0.9493467211723328,0.0016964476089924574,4.07
-13.72554134088707,-44.13935644053538,0.9496937990188599,0.01870960369706154,4.4
-13.72512751767627,-44.139039927754574,0.9434035420417786,0.012190788984298706,4.48
-13.724713721255169,-44.13872341451687,0.9401412010192871,0.022036584094166756,4.4
-13.724300107744687,-44.138406923495815,0.9428553581237793,0.044325537979602814,4.48
-13.723886320119705,-44.13809039704869,0.9487785696983337,0.12905849516391754,9.27
-13.723472643564715,-44.13777387959225,0.9364320039749146,0.003478115191683173,4.19
-13.723058946080922,-44.1374573508577,0.9484503865242004,0.059997305274009705,4.98
-13.7226453023291,-44.13714082418619,0.9229823350906372,0.19642886519432068,7.86
-13.722231538213276,-44.13682427408357,0.9287142753601074,0.11578843742609024,9.25
-13.721817894698779,-44.13650773941723,0.9366844296455383,0.028507579118013382,4.67
-13.721404259456163,-44.13619120397136,0.9363628029823303,0.045813821256160736,5.69
-13.720990583741456,-44.13587466159904,0.9345945715904236,0.0392281599342823,5.05
-13.720577053409702,-44.13555814320671,0.9412139058113098,0.16401559114456177,7.48
-13.72016343997535,-44.13524161404963,0.9333786368370056,0.11256902664899826,6.76
-13.719749739766932,-44.13492507497121,0.9345250725746155,0.05885174125432968,5.46
-13.719336113700406,-44.134608552749555,0.9434064030647278,0.13023175299167633,6.61
-13.718922434216047,-44.13429202880222,0.9440575838088989,0.14347399771213531,8.15
-13.718508815932788,-44.1339755227829,0.9253906607627869,0.19070161879062653,6.51
-13.718095149515882,-44.13365901841543,0.9288163781166077,0.059578247368335724,9.06
-13.717681470100286,-44.13334252323728,0.9324074387550354,0.08300501108169556,6.03
-13.717267786256206,-44.13302603964071,0.9262181520462036,0.18797484040260315,7.15
-13.716853996331212,-44.132709553490415,0.9379304051399231,0.0697559043765068,5.73
-13.716440475803019,-44.13239312454603,0.9380660057067871,0.027275657281279564,5.05
-13.716026817368943,-44.13207669087561,0.9359965920448303,0.06604316830635071,5.65
-13.7156132284866,-44.13176033037746,0.930854082107544,0.09830883145332336,6.65
-13.715199611259319,-44.13144400185262,0.948867678642273,0.03869323804974556,5.09
-13.714785956007738,-44.13112768804043,0.9337059855461121,0.07882183790206909,5.57
-13.714372287879009,-44.130811395104686,0.9368425011634827,0.2645866572856903,7.78
-13.713958551021609,-44.13049511527731,0.9438318014144897,0.012554465793073177,3.97
-13.713544855835785,-44.13017886658259,0.9447506070137024,0.01036930177360773,3.84
-13.713131116046869,-44.12986263406505,0.944001317024231,0.01550536509603262,3.54
-13.71271736220859,-44.12954642012677,0.9456080198287964,0.017360255122184753,3.58
-13.748301571195665,-44.15004268657145,0.9557177424430847,0.009828888811171055,4.03
-13.747888537384222,-44.149725954319145,0.9542173743247986,0.01275722961872816,4.44
-13.747475263213268,-44.149409174556865,0.9623380303382874,0.010659988038241863,4.48
-13.747061404729392,-44.14909224780192,0.9494191408157349,0.017723096534609795,5.23
-13.746647825399291,-44.14877544070901,0.9497372508049011,0.013314067386090755,4.55
-13.746234374249498,-44.14845871185065,0.9609744548797607,0.005382949952036142,4.34
-13.745820524553237,-44.148141906033224,0.9506590962409973,0.02838267758488655,4.55
-13.745408079327015,-44.14782557550442,0.9617512226104736,0.008586310781538486,4.38
-13.744995247643356,-44.14750918024796,0.946551501750946,0.0033941841684281826,3.84
-13.744581844224982,-44.14719266884414,0.9522961974143982,0.015472219325602055,4.55
-13.744168201710945,-44.14687614674574,0.9432976841926575,0.04241616651415825,4.75
-13.743754520123002,-44.14655967893586,0.9507155418395996,0.007697772700339556,4.71
-13.743340633171934,-44.14624321685434,0.9583148956298828,0.05450623854994774,5.09
-13.742927244980741,-44.14592696953018,0.9600029587745667,0.003585693659260869,5.69
-13.742513448823415,-44.14561065598846,0.9557749032974243,0.005261220037937164,6.01
-13.742099312934362,-44.145294291302015,0.9570367932319641,0.03259652480483055,6.09
-13.74168560286123,-44.14497810323054,0.9602993726730347,0.027649017050862312,6.21
-13.741271449530705,-44.14466182203624,0.9373252391815186,0.038396205753088,5.84
-13.740857491261243,-44.144345635971995,0.9612715244293213,0.028353257104754448,4.48
-13.740443541308554,-44.14402948331867,0.9594388008117676,0.003880259348079562,4.78
-13.740029558032532,-44.14371334603787,0.9602164626121521,0.17516101896762848,8.42
-13.739615555675147,-44.14339722239143,0.9541568160057068,0.10266904532909393,8.31
-13.739201448295555,-44.143081081757956,0.9472123384475708,0.015904240310192108,4.55
-13.738787374243145,-44.14276496005623,0.9534151554107666,0.003260086290538311,4.44
-13.738373310051971,-44.142448845158924,0.9450559020042419,0.019768377766013145,4.38
-13.737959217144356,-44.1421327198014,0.9509701132774353,0.033775754272937775,4.86
-13.73754518228294,-44.14181660491559,0.9514405131340027,0.03972043842077255,4.67
-13.73713114715642,-44.14150047735564,0.962858259677887,0.022119976580142975,4.78
-13.736717102339993,-44.14118432865617,0.9582498073577881,0.04572709649801254,4.82
-13.736303043481854,-44.14086815245452,0.9592052698135376,0.03605487197637558,5.19
-13.735889086982978,-44.14055197868885,0.9614706635475159,0.012288551777601242,4.53
-13.735475332271037,-44.14023583181211,0.9642645120620728,0.21099567413330078,7.86
-13.735061499952172,-44.139919621875826,0.9528501629829407,0.13794119656085968,7.51
-13.734647860574356,-44.139603425500205,0.9559074640274048,0.02615106664597988,6.65
-13.734234241654919,-44.13928718473315,0.9553804397583008,0.005551089067012072,5.73
-13.733820296870578,-44.13897078944104,0.9561460018157959,0.04190508648753166,6.46
-13.733406482488464,-44.138654374049835,0.9591575860977173,0.038595814257860184,6.13
-13.732992337651238,-44.138337801413826,0.9516584277153015,0.04781350865960121,6.32
-13.732578798037713,-44.13802135937048,0.954605221748352,0.0031821459997445345,4.78
-13.732165116389625,-44.13770482538041,0.9488657712936401,0.007955663837492466,4.4
-13.731751448679594,-44.13738825053988,0.9511607885360718,0.001001731026917696,4.86
-13.731337897572768,-44.13707166968733,0.9531145095825195,0.007590793538838625,4.63
-13.73092431914899,-44.1367550434619,0.9526087045669556,0.0273857731372118,4.82
-13.730510757687941,-44.136438389087076,0.9451879262924194,0.02129928395152092,5.28
-13.730097498212835,-44.13612179701066,0.9476260542869568,0.005705023650079966,5.34
-13.729683930332467,-44.135805085998435,0.9527491927146912,0.04941626265645027,6.59
-13.729270559007862,-44.13548841316451,0.9527722597122192,0.002287202049046755,5.28
-13.72885716034926,-44.13517171457002,0.9513949751853943,0.003599329385906458,5.38
-13.728443686855874,-44.13485497959519,0.9518416523933411,0.02346600964665413,5.69
-13.72803027739666,-44.134538254531094,0.9504299163818359,0.04546087235212326,6.96
-13.72761680197286,-44.13422150377303,0.9530922174453735,0.04429680481553078,6.65
-13.727203363166941,-44.133904762153605,0.9465730786323547,0.03184881433844566,5.69
-13.726789813384164,-44.13358798925044,0.9384855031967163,0.1013188511133194,6.59
-13.726376532238593,-44.13327130420636,0.9633176326751709,0.05969854071736336,6.59
-13.725963238233664,-44.13295462506851,0.9396889805793762,0.008620107546448708,5.28
-13.725549371861247,-44.1326377862141,0.9308270812034607,0.2065640091896057,7.96
-13.725135884514685,-44.13232108062515,0.9397637844085693,0.008899346925318241,4.44
-13.72472236485217,-44.1320043871155,0.9443877935409546,0.021493390202522278,4.63
-13.724308975866549,-44.13168775891438,0.946352481842041,0.02732057496905327,4.38
-13.723895496056825,-44.13137113309676,0.9342122673988342,0.06285522878170013,4.98
-13.723481993563102,-44.13105453354856,0.9415277242660522,0.0011812086449936032,4.19
-13.723068495995465,-44.130737968235124,0.951680600643158,0.022912459447979927,4.55
-13.722655011036883,-44.130421437424644,0.9344267845153809,0.024061955511569977,4.07
-13.722241475182773,-44.130104919770815,0.9414772391319275,0.018267909064888954,4.38
-13.72182796500881,-44.129788436554946,0.9460316300392151,0.014879466965794563,4.19
-13.721414438515163,-44.12947197317139,0.9405530095100403,0.012639487162232399,4.38
-13.721000903785297,-44.12915552979652,0.9504573345184326,0.009553801268339157,4.4
-13.720587424821886,-44.12883912376566,0.95059734582901,0.04884398728609085,4.71
-13.720173842631237,-44.1285227053008,0.9357398748397827,0.13635124266147614,6.92
-13.719760328734262,-44.12820632410437,0.9384834170341492,0.057105083018541336,5.34
-13.719346712994037,-44.12788992642412,0.9481589198112488,0.01642863266170025,4.3
-13.718933200265981,-44.12757357244181,0.9488265514373779,0.04585893079638481,6.05
-13.718519513999777,-44.127257176421445,0.949105441570282,0.04961620643734932,4.55
-13.718105923419508,-44.12694081804408,0.9408514499664307,0.027048898860812187,4.11
-13.717692207296325,-44.1266244278193,0.9412582516670227,0.03924788534641266,4.4
-13.71727847288501,-44.12630803662951,0.9474917650222778,0.003920694813132286,4.4
-13.716864514657468,-44.12599153379852,0.9532915949821472,0.03869415819644928,4.63
-13.716450463807742,-44.125675003336546,0.9475504755973816,0.01087692379951477,4.53
-13.716036222197705,-44.12535841308856,0.9517640471458435,0.05616747587919235,4.9
-13.715622111512554,-44.12504185910625,0.9493131637573242,0.002912031952291727,4.78
-13.715207558282097,-44.12472516515367,0.9381530284881592,0.047577209770679474,5.38
-13.714793246637024,-44.124408536983196,0.9511216282844543,0.04072140157222748,4.38
-13.71437887339324,-44.12409188042904,0.9550061821937561,0.01300721149891615,4.82
-13.713964359049957,-44.1237751691883,0.9567798972129822,0.018971500918269157,4.44
-13.713549647915329,-44.12345838492962,0.9457321763038635,0.010955804027616978,5.28
-13.71313367608721,-44.123141204502396,0.9512538313865662,0.06349389255046844,6.76
-13.71271896012685,-44.12282439435406,0.9451650381088257,0.05683009698987007,5.13
-13.757410642962974,-44.14981331036947,0.9566306471824646,0.013689338229596615,4.94
-13.756996633473024,-44.149496514648234,0.9596840143203735,0.002041318453848362,4.38
-13.756584329421987,-44.149180370561076,0.9613054394721985,0.0033098869025707245,5.42
-13.756171832158417,-44.148864132934264,0.9550765752792358,0.022434581071138382,5.28
-13.755758928972131,-44.14854770748329,0.9593357443809509,0.020558958873152733,4.67
-13.755345860127164,-44.148231182704336,0.957636296749115,0.01598670892417431,4.15
-13.754933063303639,-44.1479147227544,0.9504666924476624,0.0009978502057492733,4.0
-13.75452020205251,-44.147598197424344,0.965467095375061,0.013719042763113976,4.19
-13.754107338523633,-44.14728163368659,0.9509688019752502,0.010829553939402103,4.94
-13.753694357213151,-44.14696499222376,0.9586445689201355,0.01113625057041645,4.23
-13.75328133740632,-44.14664830803742,0.9606719017028809,0.006964016705751419,4.23
-13.752868408425408,-44.1463316355164,0.9622078537940979,0.0077745006419718266,3.96
-13.75245542278316,-44.14601492303965,0.9590979814529419,0.021846361458301544,4.03
-13.75204243695871,-44.1456981966928,0.953419029712677,0.03604627400636673,4.07
-13.751629453294232,-44.145381462660715,0.9619380831718445,0.028768599033355713,4.03
-13.751216399496593,-44.14506469785524,0.9603825807571411,0.015811169520020485,4.23
-13.750803385504794,-44.14474794895894,0.9568154811859131,0.0015687026316300035,3.93
-13.750390283795387,-44.14443117245555,0.9612976908683777,0.02630971558392048,4.11
-13.749977195460106,-44.14411441134245,0.9579323530197144,0.0014702935004606843,3.96
-13.749563980413198,-44.14379761708275,0.9597364068031311,0.0054090628400444984,4.07
-13.74915078464475,-44.14348085032776,0.9541245698928833,0.002041662111878395,4.23
-13.748737582844996,-44.143164106115094,0.9587443470954895,0.00037170591531321406,4.44
-13.748324437309549,-44.14284741298855,0.9645898938179016,0.002181294606998563,4.4
-13.7479111681729,-44.142530706985596,0.9634262919425964,0.04618849605321884,4.55
-13.747497891521567,-44.142214037484955,0.9554821252822876,0.0029111793264746666,4.34
-13.747084516853102,-44.14189737456691,0.9573651552200317,0.002763570286333561,4.38
-13.746670983878381,-44.14158070000292,0.9503864645957947,0.005493300501257181,4.38
-13.746257382975156,-44.141264053172044,0.9613322615623474,0.020424213260412216,4.82
-13.745843776346161,-44.14094746270731,0.965267539024353,0.01075463742017746,4.48
-13.745430088798424,-44.14063090432122,0.9602970480918884,0.0048956843093037605,4.34
-13.745016420538636,-44.14031442151226,0.9612908363342285,0.036606281995773315,4.55
-13.744602723561812,-44.13999799976174,0.9581494927406311,0.0181833878159523,4.48
-13.744188917313284,-44.13968160614504,0.9639722108840942,0.03332076966762543,4.63
-13.74377516077931,-44.13936529558023,0.9527084827423096,0.023981250822544098,4.53
-13.74336134850295,-44.139049022014795,0.9607027173042297,0.03421017900109291,4.86
-13.742947413292374,-44.13873275423256,0.9530898332595825,0.0045300875790417194,4.71
-13.742533442095633,-44.13841651936797,0.9547855854034424,0.025251610204577446,4.67
-13.742119511767143,-44.138100341348625,0.9582047462463379,0.04295831546187401,4.4
-13.741705434624633,-44.13778414272501,0.9625753164291382,0.0067004552111029625,4.75
-13.741291417884629,-44.13746799667452,0.9546501040458679,0.016231024637818336,4.48
-13.7408773181346,-44.13715184293678,0.9561379551887512,0.01489583496004343,5.57
-13.7404633439403,-44.13683575527842,0.958450436592102,0.008215478621423244,4.53
-13.74004917655775,-44.13651960620187,0.9483846426010132,0.03733040392398834,4.59
-13.739635143092526,-44.13620351509771,0.9652187824249268,0.0059055546298623085,4.48
-13.739220971806148,-44.13588737225785,0.963690459728241,0.030724046751856804,4.59
-13.738806866099557,-44.13557124973429,0.9627915024757385,0.02263295091688633,4.44
-13.738392796656925,-44.13525513044849,0.9567755460739136,0.02567264996469021,4.53
-13.737978690941514,-44.13493898110413,0.9527680277824402,0.035072170197963715,5.09
-13.737564648654272,-44.13462283407784,0.9607534408569336,0.020279081538319588,4.19
-13.737150562150937,-44.13430664233469,0.9619677662849426,0.049498554319143295,4.44
-13.736736517735721,-44.133990433227595,0.9605579376220703,0.03783903643488884,4.38
-13.736322553980367,-44.13367421565585,0.964030921459198,0.017412271350622177,5.01
-13.7359086509068,-44.13335797614544,0.9560849666595459,0.24864676594734192,8.05
-13.735495071818324,-44.133041809804745,0.9573261141777039,0.030897868797183037,5.76
-13.735081206804077,-44.132725477982284,0.9507703185081482,0.005286176223307848,5.57
-13.73466737150497,-44.13240909551713,0.9647276401519775,0.05895320326089859,5.98
-13.73425355819492,-44.13209265897562,0.9534971117973328,0.03576836362481117,5.8
-13.733839571414839,-44.13177609796909,0.9592345356941223,0.06258603185415268,6.17
-13.733425974147341,-44.13145963143532,0.9542068839073181,0.010554522275924683,5.13
-13.733012320727802,-44.13114309328286,0.9578854441642761,0.0743989646434784,5.13
-13.732598681747898,-44.1308265150396,0.9557192325592041,0.023953551426529884,5.05
-13.73218511961925,-44.130509924298856,0.9534198641777039,0.036842361092567444,5.3
-13.731771607627495,-44.13019331512477,0.9597895741462708,0.01945602521300316,5.46
-13.731357963385687,-44.129876622300955,0.9494179487228394,0.01222512312233448,4.86
-13.730944651280142,-44.12956002706117,0.9564692974090576,0.004641943145543337,4.98
-13.730531319902008,-44.12924339931513,0.9499024748802185,0.0023709614761173725,5.61
-13.730117843456775,-44.12892669560247,0.9500877857208252,0.01954329013824463,5.98
-13.72970442026078,-44.128609995502046,0.953346312046051,0.058406855911016464,5.8
-13.729290914436792,-44.128293251476954,0.9461579322814941,0.12061282247304916,6.13
-13.728877869178207,-44.127976674686145,0.9402644038200378,0.0020766006782650948,5.09
-13.728464316289395,-44.127659900370595,0.9526975154876709,0.04673423245549202,5.65
-13.728050930664912,-44.12734318988033,0.9511115550994873,0.015838781371712685,5.69
-13.727637693937595,-44.12702654024754,0.9463196396827698,0.04114237055182457,5.28
-13.727224320855866,-44.12670984726647,0.9505729079246521,0.032614726573228836,5.42
-13.726810954853596,-44.126393169485574,0.9447858929634094,0.009187525138258934,5.46
-13.726397636332283,-44.12607652658489,0.9366191625595093,0.02848288044333458,5.61
-13.725984179570599,-44.12575985191187,0.9347434043884277,0.0881633386015892,6.09
-13.725570794823659,-44.12544322985025,0.9382479786872864,0.053232695907354355,5.61
-13.725157322413502,-44.12512660366305,0.9480451941490173,0.026277396827936172,6.65
-13.724743283170346,-44.12480979448523,0.9461408257484436,0.03351987525820732,4.59
-13.724329530674162,-44.12449313001356,0.9440821409225464,0.01657944545149803,4.44
-13.72391581327284,-44.12417651229889,0.9498336911201477,0.020468661561608315,4.59
-13.723502276251178,-44.12385999455321,0.9455479979515076,0.005621875636279583,4.3
-13.723088835459537,-44.12354354255131,0.954276442527771,0.0457816980779171,5.19
-13.722675347873684,-44.12322709974425,0.9528258442878723,0.00563066778704524,4.55
-13.722261962381838,-44.12291072037909,0.9477845430374146,0.02825004793703556,4.26
-13.721848598477614,-44.12259437187697,0.9473426342010498,0.029950395226478577,4.38
-13.721435119792307,-44.12227800030427,0.9414317011833191,0.02418689988553524,4.53
-13.72102158296678,-44.121961624703125,0.9490153193473816,0.003691163845360279,4.38
-13.72060804764903,-44.12164526562921,0.9483882188796997,0.020420599728822708,4.38
-13.72019446132538,-44.121328901312246,0.9496066570281982,0.024203211069107056,4.44
-13.719780873910269,-44.12101254846457,0.9472240209579468,0.005200461484491825,4.26
-13.719367278787168,-44.120696202227485,0.944305419921875,0.02314438857138157,4.34
-13.71895359438424,-44.12037982959062,0.9404510855674744,0.03223428130149841,4.34
-13.718539990473468,-44.12006349309413,0.9394327998161316,0.002448455197736621,4.3
-13.718126274481618,-44.11974709776875,0.9459744691848755,0.031659599393606186,4.4
-13.717712228042496,-44.11943055844551,0.9508643746376038,0.05907792970538139,6.01
-13.71729804492901,-44.11911396601757,0.9420503377914429,0.07176271080970764,5.73
-13.716884578970824,-44.11879764370251,0.9444897174835205,0.004528306890279055,4.4
-13.716470647054177,-44.11848113844198,0.9550449848175049,0.034106843173503876,5.76
-13.71605633643395,-44.11816448120752,0.9452177882194519,0.018202081322669983,5.61
-13.715643416780377,-44.11784834482538,0.9474380016326904,0.007396252825856209,4.82
-13.715230120033004,-44.11753205284205,0.9456443190574646,0.005388281308114529,4.67
-13.714816264602653,-44.11721553386173,0.9474072456359863,0.006109807174652815,4.75
-13.714402441869636,-44.116899012290304,0.9526123404502869,0.005135964602231979,5.38
-13.713988461529452,-44.11658241713116,0.9573804140090942,0.0028748326003551483,5.57
-13.713574437591015,-44.11626579404602,0.941585123538971,0.033612411469221115,5.46
-13.713159718486033,-44.1159488965065,0.94814532995224,0.23921458423137665,8.97
-13.712745709791289,-44.115632262809314,0.9564637541770935,0.032250743359327316,5.42
-13.758250291965718,-44.14294167356077,0.9738448262214661,0.0412423200905323,4.3
-13.757836053510344,-44.14262532298906,0.9732851386070251,0.037251684814691544,4.53
-13.757421961773861,-44.14230898929025,0.9735118746757507,0.0444907620549202,5.5
-13.757008026617864,-44.14199267081815,0.9742862582206726,0.032952580600976944,4.82
-13.756594680627108,-44.141676523366435,0.9750264883041382,0.06740863621234894,4.38
-13.756181353942864,-44.14136032899425,0.9729812741279602,0.04926205426454544,4.3
-13.755767895890857,-44.14104402652161,0.9748637676239014,0.04599248990416527,4.53
-13.75535441180695,-44.140727654674244,0.9746934771537781,0.03964422643184662,4.26
-13.754940879877283,-44.14041120873696,0.9757785797119141,0.03495889902114868,4.07
-13.754527380945602,-44.14009472336399,0.9750946164131165,0.03396988660097122,4.11
-13.754113896734108,-44.13977819514224,0.974722683429718,0.016015658155083656,3.93
-13.753700459857654,-44.13946164029518,0.9750093221664429,0.021398629993200302,4.03
-13.753287008807467,-44.13914503943146,0.9770388007164001,0.03686070442199707,4.19
-13.752873573561644,-44.13882840816089,0.9760206341743469,0.03903082758188248,4.07
-13.752460142984146,-44.138511745851545,0.9725111126899719,0.027523647993803024,4.03
-13.752046724731242,-44.13819505918868,0.9773585200309753,0.037676550447940826,4.3
-13.751633320050926,-44.13787835284812,0.9728783369064331,0.04329964891076088,4.0
-13.751219946126767,-44.13756163693166,0.9750960469245911,0.02912050485610962,4.03
-13.750806546993626,-44.13724489439476,0.9719760417938232,0.03294207155704498,4.23
-13.750393172961864,-44.136928148051915,0.9740439057350159,0.03179333359003067,4.4
-13.749979752560103,-44.13661137489833,0.9732878804206848,0.05745245888829231,4.75
-13.749566391538444,-44.13629461857098,0.9764019250869751,0.07991442084312439,5.3
-13.749153017818625,-44.1359778554749,0.9751783609390259,0.012006922625005245,4.75
-13.748739627503358,-44.135661088767215,0.9796046614646912,0.055412475019693375,5.34
-13.748326171966895,-44.13534430382311,0.9756856560707092,0.019012317061424255,4.82
-13.747912733706233,-44.13502753522729,0.9716017246246338,0.045520391315221786,4.75
-13.74749924675929,-44.13471076253844,0.9769731760025024,0.03243611380457878,4.55
-13.747085831154807,-44.13439403420362,0.9778115749359131,0.04797534644603729,4.78
-13.746672332030096,-44.134077296099484,0.9771313667297363,0.03797272965312004,4.53
-13.746258892344146,-44.133760605982665,0.9744375944137573,0.029433025047183037,4.55
-13.745845395670909,-44.133443924024895,0.977652370929718,0.044454555958509445,4.78
-13.745431877145359,-44.13312726483847,0.9755086302757263,0.018341897055506706,4.44
-13.745018339845581,-44.13281062854331,0.9758702516555786,0.02979375422000885,4.44
-13.744604828388384,-44.13249402979427,0.9764803647994995,0.04651884362101555,5.88
-13.744191212418036,-44.132177418486854,0.9781373739242554,0.03706878051161766,4.63
-13.743777657416926,-44.131860854191466,0.9772323966026306,0.04012029990553856,5.98
-13.743364021414225,-44.1315442826141,0.9773724675178528,0.027106257155537605,4.53
-13.742950450746791,-44.13122775650093,0.9772054553031921,0.023926453664898872,4.71
-13.742536821049288,-44.13091122768454,0.9723434448242188,0.03106687404215336,4.63
-13.742123228449415,-44.130594730343766,0.9757879376411438,0.03766370937228203,4.82
-13.741709620561707,-44.13027824328179,0.9759131669998169,0.034339789301157,4.63
-13.741295982130927,-44.12996175881839,0.9775172472000122,0.0341520719230175,4.67
-13.740882393312795,-44.12964530569269,0.9769777059555054,0.04634002968668938,4.59
-13.740468743719262,-44.129328840533425,0.9762005805969238,0.04461659863591194,4.75
-13.74005510516718,-44.129012388611926,0.9743524789810181,0.04679299518465996,5.01
-13.739641523077404,-44.12869596486333,0.9725232124328613,0.02274235710501671,4.63
-13.739227791556184,-44.12837947154899,0.975943386554718,0.10679860413074493,9.02
-13.738814088368509,-44.12806297287381,0.9773438572883606,0.16118696331977844,9.51
-13.738400244372675,-44.12774642396747,0.9765478372573853,0.1409551501274109,9.92
-13.737986594829506,-44.12742994796213,0.9713588356971741,0.09611475467681885,7.82
-13.737572653974444,-44.12711336223877,0.9777514934539795,0.033401355147361755,5.69
-13.73715879378396,-44.126796803468714,0.9739810824394226,0.1344744861125946,8.39
-13.736744825051403,-44.126480199633285,0.9748808741569519,0.11960659176111221,10.77
-13.736331234927473,-44.126163730321686,0.9744083285331726,0.0886058360338211,10.6
-13.735916878343087,-44.125846967436395,0.9783642888069153,0.2564209997653961,10.75
-13.735503021369318,-44.12553038143784,0.9731464982032776,0.38125941157341003,12.61
-13.735089405307155,-44.125213877456325,0.9719105958938599,0.25619643926620483,11.03
-13.734675796420479,-44.12489736996437,0.9719143509864807,0.19291901588439941,7.71
-13.734262118336755,-44.124580832073285,0.9748803973197937,0.34795939922332764,12.81
-13.733848795029369,-44.12426442349782,0.9728062748908997,0.08472339808940887,9.88
-13.73343513279198,-44.123947887284054,0.9690094590187073,0.1507859230041504,8.19
-13.733021859569057,-44.12363149629756,0.9693964719772339,0.17521387338638306,10.77
-13.732608531806598,-44.12331508687181,0.968324601650238,0.09128350019454956,10.02
-13.73219513127962,-44.122998653865466,0.9719116687774658,0.11442573368549347,7.34
-13.731781704166455,-44.12268221608331,0.9711070656776428,0.19129572808742523,8.6
-13.73136849419219,-44.122365866058054,0.966290295124054,0.02706020325422287,5.53
-13.730954851320297,-44.122049363180864,0.9638906121253967,0.16839052736759186,6.73
-13.730541517348822,-44.12173298521765,0.9716711044311523,0.011755167506635189,4.94
-13.730127832332293,-44.121416488222515,0.973314642906189,0.10292978584766388,6.44
-13.729714188680608,-44.12110002001772,0.9681345820426941,0.1768724024295807,8.01
-13.729300607241218,-44.12078358972374,0.9685649275779724,0.10376099497079849,5.61
-13.728887011521856,-44.12046717044392,0.9687641263008118,0.1827697902917862,6.51
-13.728473509210787,-44.120150804186885,0.9654902815818787,0.04015263915061951,5.01
-13.728059718948268,-44.11983435056564,0.9675267338752747,0.1506204456090927,5.9
-13.72764626412349,-44.1195180716797,0.970263659954071,0.0236462764441967,4.55
-13.727232723513557,-44.11920179437356,0.9705733060836792,0.014774858951568604,4.34
-13.726819064077397,-44.11888549760083,0.9676294326782227,0.010258730500936508,4.55
-13.726405360231846,-44.11856921044184,0.9671068787574768,0.019750822335481644,4.59
-13.725991563680553,-44.11825291640668,0.9647416472434998,0.07913047075271606,5.38
-13.72557781782059,-44.11793667021275,0.9719125628471375,0.01757485419511795,4.15
-13.725164027201844,-44.117620434540214,0.9686830043792725,0.03950221464037895,4.34
-13.724750273444778,-44.11730423694905,0.9656432271003723,0.04049286991357803,4.38
-13.724336461484418,-44.11698803996768,0.9745246171951294,0.04185069352388382,4.55
-13.723922636255297,-44.11667185743515,0.9673905372619629,0.03037220612168312,4.59
-13.72350902724098,-44.11635577222024,0.969920814037323,0.013542796485126019,5.05
-13.723095117228855,-44.11603958928045,0.9700789451599121,0.015690751373767853,4.67
-13.722681121169172,-44.11572338611635,0.9707728624343872,0.012347038835287094,4.82
-13.722267248773434,-44.115407238263025,0.968941330909729,0.011188715696334839,4.4
-13.721853223888099,-44.11509104025972,0.9719954133033752,0.017697790637612343,4.82
-13.721439312051157,-44.11477488854605,0.9690148234367371,0.006803424097597599,4.9
-13.7210253971485,-44.11445873734487,0.9641439914703369,0.0064145768992602825,4.59
-13.720611205675981,-44.11414248203314,0.9719469547271729,0.027821900323033333,5.3
-13.720197141541846,-44.11382627085033,0.9697715044021606,0.058075737208127975,4.94
-13.719783149438582,-44.1135100803357,0.9673259854316711,0.008120403625071049,4.67
-13.71936896396615,-44.1131938090706,0.9686790704727173,0.04814146086573601,5.09
-13.718954830660257,-44.112877546060076,0.9727839827537537,0.05225062742829323,5.13
-13.718540808604262,-44.11256131087213,0.9731686115264893,0.013287054374814034,4.75
-13.718126965809093,-44.11224512607736,0.9724792838096619,0.007925648242235184,4.63
-13.717712652697578,-44.11192874729594,0.9732767939567566,0.018773460760712624,5.76
-13.71729840279071,-44.11161237079297,0.9755563139915466,0.056881133466959,6.61
-13.716884245573045,-44.11129600465859,0.9711268544197083,0.03716925531625748,5.69
-13.7164701384547,-44.1109796307181,0.9714630246162415,0.008051380515098572,5.38
-13.716055996247432,-44.11066321477347,0.9720407128334045,0.006098685320466757,4.75
-13.71564169620259,-44.11034670894857,0.9766641855239868,0.010669522918760777,5.19
-13.715227384807827,-44.110030168263734,0.974417507648468,0.02847973071038723,6.03
-13.714812748047573,-44.10971347911658,0.9618212580680847,0.03935839235782623,3.77
-13.714398551773265,-44.10939692892138,0.9697186946868896,0.024917302653193474,3.84
-13.713984354338288,-44.109080355813745,0.9696515798568726,0.032895527780056,3.89
-13.71357018778495,-44.108763774260424,0.9710744619369507,0.0234861820936203,3.93
-13.713155897421577,-44.108447129863436,0.967987060546875,0.017662137746810913,4.03
-13.712741538580298,-44.10813044539873,0.9741239547729492,0.030029552057385445,4.15
-13.757967721991946,-44.1355480606168,0.9735559821128845,0.02360115945339203,4.11
-13.75755386246231,-44.13523170806067,0.9749578833580017,0.029302040114998817,4.15
-13.757140057497194,-44.1349153201927,0.9707633256912231,0.015587979927659035,3.84
-13.75672626579149,-44.13459887318111,0.978212833404541,0.028514795005321503,4.07
-13.756312549855517,-44.13428239991069,0.973732590675354,0.03348793461918831,4.07
-13.755898872617104,-44.13396588672402,0.978643536567688,0.04287386313080788,4.23
-13.7554852115998,-44.13364932695209,0.9732669591903687,0.05592786893248558,4.26
-13.755071615683757,-44.13333274813421,0.9744081497192383,0.03235797584056854,4.0
-13.754658036736478,-44.13301613167274,0.9756941199302673,0.022266268730163574,4.0
-13.754244502907989,-44.13269949499937,0.9779563546180725,0.03884618729352951,4.11
-13.753830993393688,-44.13238283252332,0.9761933088302612,0.04696954786777496,4.59
-13.753417501484716,-44.13206614508622,0.9738354682922363,0.08587834239006042,5.76
-13.753003937104191,-44.131749394065835,0.9748442769050598,0.056117285043001175,4.9
-13.752590760375105,-44.13143280299225,0.974618673324585,0.02125408686697483,5.15
-13.752177316997498,-44.131116064086,0.9748485088348389,0.008781925775110722,5.94
-13.751763706664235,-44.13079922891931,0.97862309217453,0.007936015725135803,5.76
-13.751350295121128,-44.13048247626243,0.9715787768363953,0.006545775569975376,4.63
-13.750936598789496,-44.130165579606484,0.9764323830604553,0.01581129990518093,5.61
-13.750523372105082,-44.12984890314083,0.9739768505096436,0.008665050379931927,5.13
-13.750110156002926,-44.12953223180894,0.9769279956817627,0.009133739396929741,5.01
-13.749696139382293,-44.12921518297779,0.9767137169837952,0.06288059055805206,6.09
-13.74928271122887,-44.12889842354801,0.9740899205207825,0.03574836626648903,4.94
-13.748869194948107,-44.128581634849624,0.9765685796737671,0.057707443833351135,5.13
-13.748455821662466,-44.12826493128988,0.9742170572280884,0.03161706402897835,5.05
-13.748042265929906,-44.12794816198125,0.9718813896179199,0.03526103124022484,4.75
-13.747628766772369,-44.127631444994634,0.9752777814865112,0.03464508429169655,5.13
-13.747215326415107,-44.12731478545714,0.9771138429641724,0.07345933467149734,5.53
-13.746801920518374,-44.12699817570051,0.9787999391555786,0.03575541824102402,6.61
-13.746388400183116,-44.12668154410858,0.9749689102172852,0.01516191940754652,4.98
-13.745974814662816,-44.12636491233399,0.9766736030578613,0.014859943650662899,4.82
-13.745561407866944,-44.126048394711134,0.9725363254547119,0.01419735699892044,4.75
-13.74514782771672,-44.12573182174671,0.9772143363952637,0.04638809710741043,5.84
-13.744734322973978,-44.12541530984928,0.9755858778953552,0.016172807663679123,4.86
-13.744320662942973,-44.125098747173475,0.9762936234474182,0.07970939576625824,5.76
-13.743907196834622,-44.124782298636724,0.9742312431335449,0.33907732367515564,10.32
-13.74349365499352,-44.124465833477196,0.9763680696487427,0.15087950229644775,9.88
-13.74308010993392,-44.12414938439047,0.9726954698562622,0.12386979162693024,7.21
-13.742666531508155,-44.123832935140136,0.977013111114502,0.18304909765720367,8.15
-13.742253064673273,-44.12351655311941,0.9769389033317566,0.16569383442401886,8.64
-13.741839761913072,-44.12320026119868,0.9729574918746948,0.005564885679632425,6.73
-13.741426024507614,-44.122883772081366,0.9684168696403503,0.10195182263851166,9.13
-13.741012388973488,-44.12256733981063,0.9714181423187256,0.10774461179971695,8.94
-13.740598836450326,-44.12225095348285,0.9735382795333862,0.08506790548563004,7.55
-13.740185042701203,-44.12193442743182,0.972138524055481,0.10634178668260574,7.9
-13.739771383872487,-44.12161796837937,0.971881628036499,0.07869001477956772,8.72
-13.739357274108471,-44.1213012947881,0.9765163660049438,0.16776709258556366,10.71
-13.738943776300134,-44.12098491200198,0.9723116755485535,0.20190170407295227,8.72
-13.73853016360057,-44.120668471031365,0.9697676301002502,0.18654823303222656,9.1
-13.738116105840609,-44.1203518126758,0.9764133095741272,0.1647673100233078,9.13
-13.737702678024187,-44.12003544795164,0.9691305756568909,0.23482747375965118,9.21
-13.737289334751559,-44.119719114690994,0.9677222967147827,0.06124049425125122,7.71
-13.736875498740178,-44.11940253570711,0.9674809575080872,0.1544654667377472,8.01
-13.736461615510068,-44.119085923983846,0.9709019660949707,0.3501985967159271,9.35
-13.736048605251833,-44.11876972016081,0.9709717035293579,0.02373441681265831,5.73
-13.735634439111626,-44.11845295849312,0.9718538522720337,0.010436625219881535,5.13
-13.735220630510911,-44.11813636243977,0.9716891646385193,0.008829179219901562,5.01
-13.734806495228822,-44.11781960771339,0.9703449606895447,0.043312832713127136,5.09
-13.734392370307022,-44.11750285669796,0.9664163589477539,0.04614747315645218,5.65
-13.73397820794612,-44.117186088761095,0.9687740802764893,0.09011291712522507,6.36
-13.733565052706522,-44.116869803527585,0.9697471857070923,0.012317248620092869,4.3
-13.733152048962582,-44.11655359500765,0.967989981174469,0.021165264770388603,4.82
-13.732738949698202,-44.116237347169054,0.9623515605926514,0.012226579710841179,4.4
-13.732325265980542,-44.11592082851189,0.9658992886543274,0.11123960465192795,5.94
-13.731911923022572,-44.1156044822226,0.9654998183250427,0.020967647433280945,5.65
-13.731498523452283,-44.11528812060913,0.9699942469596863,0.009277303703129292,4.48
-13.731084780390896,-44.11497160890497,0.966862142086029,0.015895405784249306,4.53
-13.730671127426941,-44.11465515533716,0.9636484980583191,0.014468129724264145,4.53
-13.730257399917502,-44.11433868342619,0.9697887897491455,0.014214212074875832,4.67
-13.729843676752697,-44.11402223265071,0.9643818736076355,0.027156682685017586,4.53
-13.729429943890885,-44.11370579821846,0.9665694832801819,0.013610072433948517,4.23
-13.729016449580937,-44.11338950642009,0.9704940319061279,0.011950920335948467,4.44
-13.72860265603278,-44.113073118997285,0.9609816074371338,0.035350557416677475,4.86
-13.728188958396032,-44.11275680361601,0.964144229888916,0.018991082906723022,4.67
-13.727775148760747,-44.11244046285648,0.9686258435249329,0.02279011532664299,4.44
-13.727361414957292,-44.11212418844637,0.9696310758590698,0.019093994051218033,4.71
-13.726947628612571,-44.11180792060929,0.9682334065437317,0.030204346403479576,4.48
-13.726533810269116,-44.1114916689679,0.9647490978240967,0.03944651782512665,4.63
-13.726120085580229,-44.111175491018024,0.967519223690033,0.01844068430364132,4.59
-13.725706286685163,-44.11085930378063,0.967155933380127,0.014208843000233173,4.63
-13.725292326278838,-44.110543062914445,0.9692228436470032,0.04609827324748039,4.82
-13.724878476064275,-44.11022689515289,0.9636201858520508,0.02240816131234169,4.59
-13.72446468488279,-44.10991077365213,0.9663715958595276,0.007961006835103035,4.67
-13.724050740774313,-44.10959459425616,0.9622479677200317,0.02187284640967846,5.3
-13.723636812145834,-44.10927843459024,0.9669702053070068,0.01565433293581009,5.05
-13.723222858936216,-44.10896227292388,0.9704849720001221,0.033742085099220276,5.46
-13.722808958503858,-44.10864614345559,0.9699652791023254,0.011155867949128151,4.44
-13.722394890705177,-44.1083299382317,0.9699625372886658,0.030720453709363937,5.42
-13.721981016126414,-44.108013826596945,0.970755398273468,0.005058853887021542,5.01
-13.721566795054533,-44.10769754852273,0.9695003032684326,0.1457105278968811,8.72
-13.721152935017404,-44.10738143840821,0.9734799861907959,0.00849625188857317,5.61
-13.720738749650334,-44.107065166514005,0.9746441841125488,0.05937951058149338,6.09
-13.720324600262215,-44.1067489022296,0.9740158319473267,0.06384125351905823,6.92
-13.719910511392918,-44.10643265446464,0.9718654751777649,0.05204523354768753,5.65
-13.719496323921238,-44.10611634462117,0.9710598587989807,0.028817906975746155,6.25
-13.719082072066046,-44.105799986346554,0.9710896015167236,0.047432560473680496,7.19
-13.718667640968178,-44.10548352213457,0.9710375070571899,0.12186341732740402,6.96
-13.718253167838585,-44.10516701458944,0.9731553792953491,0.1305973380804062,7.71
-13.717838924889472,-44.10485059082484,0.9671105146408081,0.014272627420723438,5.9
-13.717424205295739,-44.104533911107076,0.973543643951416,0.022720282897353172,6.59
-13.717008952446838,-44.10421694567507,0.9777820110321045,0.06212325766682625,7.75
-13.716594193686582,-44.103900183353076,0.9756819605827332,0.028358545154333115,4.63
-13.716179452100347,-44.103583398873674,0.9788579344749451,0.05716641619801521,4.94
-13.715764849806916,-44.10326665335666,0.9746176600456238,0.02339775115251541,4.44
-13.715350550534342,-44.10295002722047,0.9734880328178406,0.06388549506664276,5.01
-13.714937569813983,-44.1026340075107,0.9770451784133911,0.05710666626691818,9.51
-13.714524426449396,-44.10231789074436,0.9753271341323853,0.010467123240232468,6.69
-13.714111439410516,-44.10200183163244,0.9721331596374512,0.013886779546737671,6.21
-13.713699334123955,-44.101686178638474,0.9751690626144409,0.009127861820161343,4.63
-13.713285900000436,-44.101369881048385,0.9730564951896667,0.004975305870175362,5.65
-13.712872185745079,-44.101053441042566,0.9765583872795105,0.01786034367978573,5.88
-13.712458444120688,-44.1007369821407,0.9736815690994263,0.08402968943119049,6.73
-13.75822962684849,-44.12830762653717,0.9781047701835632,0.022887278348207474,8.53
-13.75781588161768,-44.127991030638825,0.9780470728874207,0.029495378956198692,8.01
-13.757402391082243,-44.1276745598969,0.9776480793952942,0.005814830306917429,4.57
-13.756988390337062,-44.12735782560288,0.9778305888175964,0.34294000267982483,7.75
-13.756574575405217,-44.127041184241754,0.9718880653381348,0.015991032123565674,3.84
-13.756160842124148,-44.126724583929295,0.9792699217796326,0.016085751354694366,3.77
-13.755747180540478,-44.1264080211769,0.983542263507843,0.006597808096557856,4.03
-13.755333513614314,-44.12609145803438,0.9765738248825073,0.048975586891174316,6.4
-13.754920319506656,-44.125775139529296,0.9748809337615967,0.008484774269163609,4.26
-13.75450662491555,-44.12545857126045,0.9754466414451599,0.0027259779162704945,4.94
-13.754093086323119,-44.125142089201695,0.9749663472175598,0.006495621055364609,4.82
-13.753679508859387,-44.1248255952572,0.9807413220405579,0.00581580214202404,4.82
-13.753265983346475,-44.12450913728797,0.9788118004798889,0.005345519166439772,4.59
-13.752852437870539,-44.12419268014736,0.9773887991905212,0.005104579031467438,4.48
-13.752438811218324,-44.12387619400381,0.9766736030578613,0.003696989733725786,4.86
-13.752025376404275,-44.123559819261814,0.9796035885810852,0.004036611877381802,4.67
-13.751611705190557,-44.123243339151834,0.9783474206924438,0.005280704703181982,8.01
-13.751197958630131,-44.1229268374045,0.9769511818885803,0.12601017951965332,9.06
-13.750784371602515,-44.12261043498037,0.9773769974708557,0.1064484640955925,7.86
-13.750370720322456,-44.12229401927596,0.9750834107398987,0.003091175341978669,7.0
-13.749956976920261,-44.121977583223696,0.9738720655441284,0.04283452779054642,7.36
-13.749543415345839,-44.121661281836914,0.9756110906600952,0.014747638255357742,8.01
-13.749129450314982,-44.12134479876141,0.9761009216308594,0.37322333455085754,9.69
-13.748715981158753,-44.121028593331566,0.9780459403991699,0.0714871808886528,9.72
-13.748302253709738,-44.120712282886,0.9745852947235107,0.09548769146203995,7.67
-13.747888560213244,-44.120396017682324,0.9725280404090881,0.05974144861102104,8.56
-13.747474826618362,-44.12007975976302,0.9773766398429871,0.08944810181856155,8.94
-13.747061025512894,-44.11976349266173,0.9746111035346985,0.12267757207155228,7.78
-13.746647236890126,-44.119447254985,0.9709056615829468,0.030362887308001518,8.01
-13.746233399953448,-44.119131013255775,0.9734838008880615,0.09506788104772568,8.46
-13.74581957752895,-44.11881479724058,0.9758075475692749,0.036322347819805145,7.4
-13.745405699176091,-44.11849856860617,0.9769164323806763,0.07143731415271759,8.35
-13.744991866208286,-44.11818237652007,0.9746891260147095,0.15495647490024567,8.84
-13.744577855683723,-44.11786610528853,0.9720460176467896,0.1973300278186798,9.96
-13.744163990296832,-44.11754991660983,0.9727003574371338,0.08817069977521896,7.9
-13.743750039629937,-44.11723369100794,0.9736242294311523,0.09551776200532913,9.28
-13.74333603849684,-44.11691744370834,0.9777313470840454,0.15052442252635956,9.1
-13.742922081362531,-44.11660122051527,0.9719284176826477,0.15845416486263275,8.6
-13.742508052152091,-44.11628495984249,0.9746871590614319,0.1962127983570099,10.32
-13.742094100385202,-44.115968735709544,0.9768915176391602,0.19628459215164185,9.1
-13.741680122551335,-44.1156524927503,0.9719317555427551,0.0749959796667099,10.18
-13.74126604164969,-44.11533618944329,0.9719757437705994,0.09823919087648392,8.46
-13.740852016715824,-44.11501990457604,0.9765807390213013,0.1342611312866211,8.46
-13.740438011386892,-44.11470361714432,0.971720814704895,0.11008742451667786,8.35
-13.740023908284433,-44.11438726494794,0.9748468399047852,0.14234311878681183,8.72
-13.739609853375345,-44.11407092015682,0.9748803973197937,0.12054231017827988,8.86
-13.739195772603232,-44.11375454243465,0.9726735353469849,0.18196365237236023,8.6
-13.738781791555951,-44.113438193449056,0.9705794453620911,0.0022404396440833807,7.34
-13.73836771981151,-44.113121774049134,0.9701773524284363,0.0061392467468976974,6.51
-13.737953685890432,-44.11280534715084,0.9694214463233948,0.006109135691076517,4.9
-13.737539599700924,-44.11248886592083,0.9692346453666687,0.003418675623834133,4.82
-13.737125645647495,-44.11217242615724,0.9668523073196411,0.006558421533554792,4.38
-13.736711584018295,-44.11185590818844,0.9644770622253418,0.009997570887207985,4.19
-13.736297568674207,-44.11153939258464,0.9697316288948059,0.004390418995171785,4.42
-13.735883610130058,-44.111222886722835,0.9673656225204468,0.006278152111917734,4.3
-13.735469337622158,-44.11090620446169,0.9727944135665894,0.24401132762432098,6.96
-13.735055538414706,-44.11058974847405,0.9686145186424255,0.009530158713459969,4.38
-13.734641368629772,-44.11027309169365,0.9721299409866333,0.004289680160582066,4.94
-13.734227277261999,-44.109956464738985,0.9705337882041931,0.00696891313418746,4.57
-13.733812827999083,-44.109639647899,0.9722509384155273,0.03254550322890282,7.75
-13.733398899648815,-44.10932309056604,0.9771974682807922,0.006695531774312258,6.36
-13.732985147754947,-44.10900661981319,0.9737005233764648,0.0077123818919062614,5.15
-13.7325717413119,-44.108690323862504,0.9682444334030151,0.0077341170981526375,4.59
-13.732158134014975,-44.10837392688057,0.9756147861480713,0.006864491384476423,4.48
-13.73174444792639,-44.10805749309784,0.969670295715332,0.008606269024312496,4.23
-13.731330738382798,-44.10774105333708,0.9682718515396118,0.006718562915921211,4.42
-13.730916918726901,-44.1074245653906,0.9727156758308411,0.008817050606012344,4.23
-13.7305031692592,-44.10710812319247,0.9723863005638123,0.009045370854437351,4.38
-13.730089360088327,-44.106791663293386,0.9714263081550598,0.008090869523584843,4.11
-13.729675489180025,-44.10647518657,0.972550094127655,0.007681799121201038,4.42
-13.729261676131557,-44.10615875621504,0.9717051982879639,0.008267338387668133,4.15
-13.72884752501404,-44.10584217309325,0.9726130962371826,0.047244589775800705,7.26
-13.728433632239536,-44.10552574290001,0.9654795527458191,0.45790112018585205,9.51
-13.728020173339447,-44.10520955703318,0.9721691012382507,0.002814151346683502,5.09
-13.727606237540202,-44.104893153628645,0.9676564931869507,0.004392337054014206,5.23
-13.72719192092201,-44.10457657974199,0.9759383201599121,0.3304390609264374,8.64
-13.726778061682744,-44.104260259543985,0.9712129235267639,0.02406001091003418,5.84
-13.726364060629153,-44.10394388553572,0.971571683883667,0.16743284463882446,8.11
-13.725950062742339,-44.1036275292053,0.9738996028900146,0.04518939554691315,7.75
-13.725536090780638,-44.10331119967272,0.9746498465538025,0.012881878763437271,4.94
-13.725122158816536,-44.10299490169269,0.9791263937950134,0.025437140837311745,4.75
-13.724708202405148,-44.102678599918974,0.9752047657966614,0.04257059842348099,5.3
-13.724294202145392,-44.10236228224829,0.9778624176979065,0.024982789531350136,5.76
-13.723880182449488,-44.102045958565654,0.9775732159614563,0.028432467952370644,5.53
-13.72346630039123,-44.10172970625981,0.9795815944671631,0.021137220785021782,4.86
-13.723052487007562,-44.10141348809709,0.975270688533783,0.003868520725518465,4.34
-13.722638521658284,-44.10109718908382,0.9779834151268005,0.001994290156289935,4.82
-13.721811069627522,-44.10046481447656,0.9816084504127502,0.04887004196643829,12.17
-13.758163881882513,-44.12115784769733,0.9813857674598694,0.008091003634035587,5.09
-13.757750286832298,-44.12084133814687,0.9810973405838013,0.003684225957840681,4.57
-13.757336678090736,-44.12052481638708,0.977340817451477,0.020449969917535782,5.5
-13.756923009464376,-44.1202082532726,0.9748762249946594,0.04106312617659569,5.15
-13.756509464496478,-44.11989177365894,0.9786766171455383,0.07766951620578766,7.44
-13.756095831284943,-44.119575237152425,0.9760613441467285,0.05681673437356949,5.23
-13.755682240771483,-44.119258733239896,0.9790440201759338,0.0873255804181099,5.42
-13.755268639640168,-44.1189422280931,0.9767303466796875,0.06971731781959534,5.3
-13.754855049630578,-44.11862573786778,0.9827228784561157,0.10751757025718689,5.98
-13.754441429663842,-44.118309236908985,0.9798076748847961,0.08351410180330276,6.09
-13.754027791346541,-44.11799273464451,0.9813068509101868,0.09103074669837952,6.51
-13.753614151030074,-44.11767624387832,0.9788397550582886,0.024929052218794823,5.15
-13.753200511218957,-44.11735976798185,0.9821946024894714,0.04248683527112007,5.05
-13.752787034608176,-44.1170434179138,0.976861298084259,0.008136189542710781,5.76
-13.752373172848095,-44.116726827466444,0.9784353971481323,0.035174187272787094,7.71
-13.751959505921715,-44.116410387606614,0.9777751564979553,0.04130280390381813,6.78
-13.751545805028625,-44.1160939465193,0.9751719236373901,0.14715149998664856,9.06
-13.751132301851536,-44.11577766135331,0.9789632558822632,0.08112180233001709,8.6
-13.75071849550839,-44.11546120475787,0.9753155708312988,0.1809653639793396,8.86
-13.750304878494058,-44.115144904567785,0.9780891537666321,0.1170082613825798,8.56
-13.749891220950726,-44.11482860570376,0.9808486104011536,0.09172119945287704,9.02
-13.749477513817384,-44.11451230393592,0.9777241945266724,0.15939359366893768,9.43
-13.749063746887852,-44.11419599410577,0.9763303399085999,0.23042809963226318,10.44
-13.748650021233237,-44.11387974520299,0.97784823179245,0.048522744327783585,9.25
-13.74823617530703,-44.113563447059896,0.9750761985778809,0.09426316618919373,9.43
-13.747822417154227,-44.11324723648395,0.9769830107688904,0.04059411212801933,7.9
-13.74740859848262,-44.1129310114293,0.9763936400413513,0.02694578282535076,10.18
-13.746994772434679,-44.11261480487603,0.9760815501213074,0.05756979063153267,8.05
-13.746580666309105,-44.11229843114665,0.9770110845565796,0.17004701495170593,10.02
-13.746166732598626,-44.11198219115254,0.9777618646621704,0.13078279793262482,8.6
-13.745752715891097,-44.11166591085173,0.9748302102088928,0.2480964958667755,8.6
-13.745338805554164,-44.111349714766334,0.9754756093025208,0.043491411954164505,7.07
-13.744924881520957,-44.111033519567805,0.9782680869102478,0.007305265869945288,6.25
-13.744510495068118,-44.110717021521765,0.9755123853683472,0.31381669640541077,8.53
-13.744096827061181,-44.11040101020173,0.9783099293708801,0.004570866469293833,5.42
-13.743682667246073,-44.11008467105189,0.9762317538261414,0.0054666935466229916,4.78
-13.743268606606541,-44.109768397825185,0.9718855023384094,0.007610599044710398,4.53
-13.742854448290974,-44.109452055879935,0.975745439529419,0.0008802433731034398,5.15
-13.742440391052911,-44.109135775751355,0.9777786731719971,0.008667205460369587,4.67
-13.742026285577374,-44.108819454758475,0.9746879935264587,0.0045745582319796085,4.82
-13.741612298256861,-44.10850320169914,0.9756155014038086,0.0039044879376888275,4.98
-13.741198332366231,-44.10818694916347,0.977800190448761,0.009518126025795937,4.26
-13.740784211904968,-44.10787057638155,0.977186381816864,0.004967546556144953,4.59
-13.740370168002793,-44.107554235613094,0.9743905663490295,0.003965951502323151,4.75
-13.739956066623558,-44.10723783442934,0.9752252697944641,0.002597193932160735,5.15
-13.739541760222941,-44.106921271223456,0.9765932559967041,0.002146913902834058,5.9
-13.739127762534569,-44.10660488769043,0.9793391227722168,0.005591066554188728,5.57
-13.738713725626905,-44.106288448347385,0.9769940972328186,0.005901743192225695,5.01
-13.738299705206739,-44.10597199119192,0.9805776476860046,0.007440183777362108,4.98
-13.737885752701775,-44.105655553033806,0.9795402884483337,0.005238620098680258,5.19
-13.737471861146501,-44.105339131445895,0.9783433079719543,0.004857328254729509,5.65
-13.73705744509755,-44.10502233627326,0.97760009765625,0.31367969512939453,9.96
-13.736643185927733,-44.10470562676314,0.98075270652771,0.12847793102264404,9.69
-13.73622990658485,-44.10438955688417,0.9743795990943909,0.018987108021974564,7.07
-13.735815903247163,-44.104072986691854,0.9803726673126221,0.013612602837383747,4.9
-13.735402058618833,-44.103756510277606,0.9747764468193054,0.02814648114144802,5.09
-13.734988240208045,-44.10344004112693,0.9752708077430725,0.11543472111225128,7.4
-13.734574361596323,-44.103123523649316,0.9734638333320618,0.04151172935962677,5.23
-13.734160768409302,-44.1028071918987,0.9765939712524414,0.0020242794416844845,5.5
-13.73374655498016,-44.102490440956295,0.9743491411209106,0.42626136541366577,9.55
-13.733332542228966,-44.10217382357216,0.967451810836792,0.022626517340540886,6.36
-13.732918458977608,-44.10185716029097,0.9794368743896484,0.034130606800317764,5.3
-13.732504733002873,-44.10154074016357,0.9781991839408875,0.005327088758349419,4.11
-13.732091088614816,-44.10122438061036,0.9789210557937622,0.0026259389705955982,3.74
-13.731677363046563,-44.10090797506587,0.9794979095458984,0.003307039849460125,3.77
-13.731263620806788,-44.10059156887255,0.9785559773445129,0.03423897922039032,5.05
